title,url,domain,fb_engagements,published_date,category,Politifact FB,Snopes FB,Factcheck FB,ABC FB,fact_checkFB_sum
Babysitter transported to hospital after inserting a baby in her vagina,http://worldnewsdailyreport.com/babysitter-transported-to-hospital-after-inserting-a-baby-in-her-vagina/,worldnewsdailyreport.com,1204400,2017/5/3,Medical,,1734,,,1734
"FBI seizes over 3,000 penises during raid at morgue employee's home",http://worldnewsdailyreport.com/fbi-seizes-over-3000-penises-during-raid-at-morgue-employees-home/,worldnewsdailyreport.com,1145470,2017/9/25,Crime,,14,,,14
"Charles Manson to be released on parole, to Johnson County, TX",http://www.breakingnews365.net/59690fb994b9c/charles-manson-to-be-released-on-parole-to-johnson-county-tx.html,breakingnews365.net,1125031,2017/7/14,Crime,,,,,
Police: Chester Bennington Was Murdered,http://yournewswire.com/chester-bennington-murdered/,yournewswire.com,1042032,2017/7/21,Crime,,22939,,,22939
Morgue employee cremated by mistake while taking a nap,https://worldnewsdailyreport.com/morgue-employee-cremated-by-mistake-while-taking-a-nap/,worldnewsdailyreport.com,993205,2017/3/1,Crime,,7338,,,7338
Angry Woman Cuts Off Man's Penis for Not Making Eye Contact During Sex - TRENDING,http://viralmugshot.com/angry-woman-cuts-off-mans-penis-for-not-making-eye-contact-during-sex/,viralmugshot.com,981423,2017/2/15,Crime,,,,,
Female Legislators Unveil 'Male Ejaculation Bill' Forbidding The Disposal Of Unused Semen,http://www.burrardstreetjournal.com/female-legislators-unveil-male-ejaculation-bill/,burrardstreetjournal.com,966498,2017/1/23,Politics,,376,,,376
President Trump Orders the Execution of Five Turkeys Pardoned by Obama,http://realnewsrightnow.com/2017/01/president-trump-orders-execution-five-turkeys-pardoned-obama/,realnewsrightnow.com,914429,2017/1/24,Politics,,1821,,,1821
Elderly woman accused of training her 65 cats to steal from neighbors,http://worldnewsdailyreport.com/elderly-woman-accused-of-training-her-65-cats-to-steal-from-neighbors/,worldnewsdailyreport.com,690437,2017/6/23,Medical,,1019,,,1019
Couple hospitalized after man gets his head stuck in his wife's vagina,http://worldnewsdailyreport.com/couple-hospitalized-after-man-gets-his-head-stuck-in-his-wifes-vagina/,worldnewsdailyreport.com,672093,2017/11/3,Crime,,8,,,8
Colorado: Hunter claims he was sexually assaulted by a sasquatch,http://worldnewsdailyreport.com/colorado-hunter-claims-he-was-sexually-assaulted-by-a-sasquatch/,worldnewsdailyreport.com,618761,2017/9/14,Medical,,357,,,357
"Las Vegas: Video Confirms Multiple Shooters, Co-ordinated Attack",http://yournewswire.com/las-vegas-video-multiple-shootes/,yournewswire.com,607065,2017/5/11,Crime,,23,,,23
BREAKING: NFL Fines Pittsburgh Steelers $1m Each For Skipping National Anthem,http://thelastlineofdefense.org/breaking-nfl-fines-pittsburgh-steelers-1m-each-for-skipping-national-anthem/,thelastlineofdefense.org,590091,2017/10/2,Crime,2705,0,,,2705
LAW PASSED: All Child Support in the United States Will End by Beginning of 2018,http://tmzbreaking.com/law-passed-all-child-support-in-the-united-states-will-end-by-beginning-of-2018,tmzbreaking.com,558201,2017/9/24,Politics,63,,,,63
Popeyes manager arrested for allegedly dipping chicken in cocaine based flour to increase business sales. - Channel22News.com,http://channel22news.com/popeyes-manager-arrested-for-allegedly-dipping-chicken-in-cocaine-based-flour-to-increase-business-sales/,channel22news.com,545320,2017/9/20,Politics,,,,,
White Baseball Players Kneel in the 50's to protest Black Lynchings,http://www.breakingnews247.net/59f31b71e36be/white-baseball-players-kneel-in-the-50-s-to-protest-black-lynchings.html,breakingnews247.net,497070,2017/5/2,Crime,,1976,,,1976
CIA Agent Confesses On Deathbed: 'We Blew Up WTC 7 On 9/11',http://yournewswire.com/cia-911-wtc7/,yournewswire.com,423549,2017/7/14,Politics,,5178,,,5178
Celebrities Call For 'Total Hollywood Strike' Until Trump Resigns,http://yournewswire.com/hollywood-strike-trump-resign/,yournewswire.com,416123,2017/11/7,Politics,,,569,,569
NPR: 25 Million Votes For Clinton 'Completely Fake',http://yournewswire.com/npr-25-million-fake-clinton-votes/,yournewswire.com,394781,2017/7/13,Politics,,3424,6577,,10001
World's most popular candy to be removed from shelves by October 2017!,http://www.breakingnews247.net/59bc13819a723/world-s-most-popular-candy-to-be-removed-from-shelves-by-october-2017.html,breakingnews247.net,390453,2017/1/9,Politics,,3137,,,3137
Se extiende la edad para jubilarse,http://www.12minutos.com/58f7d2c435970/se-extiende-la-edad-para-jubilarse.html,12minutos.com,389957,2017/1/29,Politics,,,,,
Hendersonville Man Caught Molesting Pig after his penis gets stuck,http://sundayinquirer.com/2017/06/12/hendersonville-man-caught-molesting-pig-after-his-penis-gets-stuck/,sundayinquirer.com,365853,2017/9/15,Crime,,,,,
Yolanda Saldivar Dead At 54: Selena Fans Rejoice - Chicago Civic Tribune,http://civictribune.com/yolanda-saldivar-dead-at-54-selena-fans-rejoice/,civictribune.com,356690,2017/4/21,Crime,,,,,
Justin Bieber: Pedophiles Run The 'Evil' Music Industry,http://yournewswire.com/justin-bieber-pedophiles/,yournewswire.com,344838,2017/6/12,Crime,,1241,,,1241
Morgue Employee Cremated By Mistake While Taking A Nap,http://www.abcnews-us.com/2017/12/05/morgue-employee-cremated-by-mistake-while-taking-a-nap/,abcnews-us.com,334100,2017/2/28,Crime,9,,,,9
Chicago Man Arrested for Slapping 25 B*tches Because He Was Tired of B*tches,http://viralactions.com/chicago-man-arrested-for-slapping-25-btches-because-he-was-tired-of-btches/,viralactions.com,333438,2017/8/3,Crime,,,,,
WikiLeaks: Clinton Bribed 6 Republicans To 'Destroy Trump',http://yournewswire.com/wikileaks-clinton-bribed-6-republicans/,yournewswire.com,332300,2017/12/5,Politics,,,,4600,4600
Whataburger announced they will be closing all restaurants as of February 2018 - Channel 45 News,https://channel45news.com/2017/05/whataburger-announced-they-will-be-closing-all-restaurants-as-of-february-2018/,channel45news.com,328863,2017/2/18,Business,,,,,
No more child support after 2017!!!!!!,http://www.react365.com/59c06b7b050bf/no-more-child-support-after-2017.html,react365.com,327281,2017/1/15,Politics,,811,,,811
Ex Army Sniper Takes Out Neighbor's Home Intruder From Bedroom Window,http://theseattletribune.com/ex-army-sniper-takes-out-neighbors-home-intruder-from-bedroom-window/,theseattletribune.com,325395,2017/5/12,Crime,,341,,,341
Newport Introduces 'Marijuana Cigarettes' That will Go On Sale Worldwide Next Year,http://viralactions.com/newport-introduces-marijuana-cigarettes-that-will-go-on-sale-worldwide-next-year/,viralactions.com,309431,2017/9/19,Business,,,,,
Death row inmate eats an entire Bible as his last meal,http://worldnewsdailyreport.com/death-row-inmate-eats-an-entire-bible-as-his-last-meal/,worldnewsdailyreport.com,306278,2017/1/9,Crime,,,,,
17-year-old teenager sues his parents for being born white,http://worldnewsdailyreport.com/17-year-old-teenager-sues-his-parents-for-being-born-white/,worldnewsdailyreport.com,303568,2017/4/17,Race,,,,,
Sharks spotted in mississippi River near Davenport has been confirmed as Great white shark,http://www.breakingnews365.net/58de9ba5bc7ce/sharks-spotted-in-mississippi-river-near-davenport-has-been-confirmed-as-great-white-shark.html,breakingnews365.net,303295,2017/4/25,World,,,,,
Retired MI5 Agent Confesses On Deathbed: 'I Killed Princess Diana',http://yournewswire.com/mi5-agent-killed-princess-diana/,yournewswire.com,298754,2017/1/27,Crime,,4511,,,4511
Vuelve el Servicio militar obligatorio para menores de 25 a??os,http://www.12minutos.com/58cc35a723182/vuelve-el-servicio-militar-obligatorio-para-menores-de-25-anos.html,12minutos.com,283732,2017/8/30,World,,,,,
Woman rolls over hairdresser with her car after he 'ruined' her hair,http://worldnewsdailyreport.com/woman-rolls-over-hairdresser-with-her-car-after-he-ruined-her-hair/,worldnewsdailyreport.com,268937,2017/3/31,Crime,,,,,
Texas Church Shooter Was Antifa Member Who Vowed To Start Civil War,http://yournewswire.com/texas-church-shooter-antifa/,yournewswire.com,267606,2017/6/19,Crime,1610,49480,1832,,52922
Servicio militar OBLIGATORIO para j??venes de 18 que no trabajen ni estudien,http://www.noticias-frescas.com/59f3eaac43e11/servicio-militar-obligatorio-para-jovenes-de-18-que-no-trabajen-ni-estudien.html,noticias-frescas.com,266041,2017/3/20,World,,,,,
GM just Announced that they will be bringing the Square Body back in 2018,https://channel45news.com/2017/05/gm-just-announced-that-they-will-be-bringing-the-square-body-back-in-2018/,channel45news.com,252633,2017/5/8,Business,,,,,
Beyonce welcomes 2 baby boys with husband Jay-Z. - Channel 28 News,https://channel28news.com/2017/05/beyonce-welcomes-2-baby-boys-with-husband-jay-z/,channel28news.com,248146,2017/11/5,Music,,,,,
Hospital employee arrested for impregnating 26 women in coma,http://worldnewsdailyreport.com/hospital-employee-arrested-for-impregnating-26-women-in-coma/,worldnewsdailyreport.com,247947,2017/11/3,Crime,,,,,
JUST IN: Sharia Law Finally Banned In All 50 States. Do You Support This?,http://www.redcountry.us/just-in-sharia-law-finally-banned-in-all-50-states-do-you-support-this/,redcountry.us,247870,2017/10/2,Religion,,,,2200,2200
Kapernick signs 2 year 5.7 million dollar deal with the Jaguars - Channel 24 News,https://channel24news.com/2017/08/kapernick-signs-2-year-5-7-million-dollar-deal-with-the-jaguars/,channel24news.com,245623,2017/5/5,Business,,,,,
"Racist Boy Dies for 5 Minutes, Comes Back & Says Jesus is a N***",http://www.celebtricity.com/christian-racist-teen-dies-for-5-minutes-comes-back-says-jesus-is-a-nger/2/,celebtricity.com,244606,2017/5/14,Race,,,,,
Man accused of ejaculating in his boss' coffee everyday for 4 years,http://worldnewsdailyreport.com/man-accused-of-ejaculating-in-his-boss-coffee-everyday-for-4-years/,worldnewsdailyreport.com,241878,2017/5/19,Crime,,183,,,183
Tainted buffet at Jacksonville strip club blamed after severe diarrhea incident on stage,http://www.borderherald.com/tainted-buffet-jacksonville-strip-club-blamed-severe-diarrhea-incident-stage/,borderherald.com,240554,2017/5/27,Medical,,367,,,367
L'Islande vous paye 4500 euros/mois pour vous marier avec une islandaise,http://www.actualite.co/122819/l-islande-vous-paye-4500-euros-mois-pour-vous-marier-avec-une-islandaise.html,actualite.co,239866,2017/7/12,World,,,,,
BREAKING: Charles Manson Dies in California Hospital,http://empirenews.net/breaking-charles-manson-dies-in-california-hospital/,empirenews.net,235379,2017/1/30,Crime,,,,,
"Plane accidentally empties toilet tank over cruise ship, 23 injured",http://worldnewsdailyreport.com/plane-accidentally-empties-toilet-tank-over-cruise-ship-23-injured/,worldnewsdailyreport.com,231361,2017/4/11,World,,1100,,,1100
